Name,Quora Link
Princeton University,https://www.quora.com/topic/Princeton-University
Harvard University,https://www.quora.com/topic/Harvard-University
Columbia University,https://www.quora.com/topic/Columbia-University-2
Massachusetts Institute of Technology,https://www.quora.com/topic/Massachusetts-Institute-of-Technology
University of Chicago,https://www.quora.com/topic/University-of-Chicago
Yale University,DNE
Stanford University,https://www.quora.com/topic/Stanford-University
Duke University,https://www.quora.com/topic/Duke-University
University of Pennsylvania,https://www.quora.com/topic/University-of-Pennsylvania
Johns Hopkins University,https://www.quora.com/topic/Johns-Hopkins-University
Northwestern University,https://www.quora.com/topic/Northwestern-University
California Institute of Technology,https://www.quora.com/topic/California-Institute-of-Technology-Caltech-1
Dartmouth College,https://www.quora.com/topic/Dartmouth-College
Brown University,https://www.quora.com/topic/Brown-University
Vanderbilt University,https://www.quora.com/topic/Vanderbilt-University
Cornell University,https://www.quora.com/topic/Cornell-University
Rice University,DNE
University of Notre Dame,https://www.quora.com/topic/University-of-Notre-Dame
University of California--Los Angeles,DNE
Washington University in St. Louis,https://www.quora.com/topic/Washington-University-in-St-Louis
Emory University,DNE
Georgetown University,DNE
University of California--Berkeley,https://www.quora.com/topic/University-of-California-Berkeley-1
University of Southern California,https://www.quora.com/topic/University-of-Southern-California
Carnegie Mellon University,DNE
University of Virginia,https://www.quora.com/topic/University-of-Virginia
Tufts University,https://www.quora.com/topic/Tufts-University
University of Michigan--Ann Arbor,DNE
Wake Forest University,DNE
New York University,DNE
University of California--Santa Barbara,DNE
University of North Carolina--Chapel Hill,DNE
University of California--Irvine,https://www.quora.com/topic/University-of-California-Irvine-1
University of Rochester,https://www.quora.com/topic/University-of-Rochester
Brandeis University,DNE
Georgia Institute of Technology,https://www.quora.com/topic/Georgia-Institute-of-Technology-1
University of Florida,DNE
Boston College,DNE
College of William and Mary,DNE
University of California--Davis,DNE
University of California--San Diego,https://www.quora.com/topic/University-of-California-San-Diego-1
Boston University,DNE
Case Western Reserve University,https://www.quora.com/topic/Case-Western-Reserve-University
Northeastern University,DNE
Tulane University,DNE
Pepperdine University,DNE
University of Georgia,DNE
University of Illinois--Urbana-Champaign,DNE
Rensselaer Polytechnic Institute,https://www.quora.com/topic/Rensselaer-Polytechnic-Institute
University of Texas--Austin,https://www.quora.com/topic/The-University-of-Texas-at-Austin
University of Wisconsin--Madison,DNE
Villanova University,DNE
Lehigh University,DNE
Syracuse University,DNE
University of Miami,DNE
Ohio State University--Columbus,DNE
Purdue University--West Lafayette,DNE
Rutgers University--New Brunswick,DNE
Pennsylvania State University--University Park,DNE
Southern Methodist University,DNE
University of Washington,https://www.quora.com/topic/University-of-Washington
Worcester Polytechnic Institute,DNE
George Washington University,DNE
University of Connecticut,DNE
University of Maryland--College Park,DNE
Brigham Young University--Provo,DNE
Clark University,DNE
Clemson University,DNE
Texas A&M University--College Station,DNE
Florida State University,DNE
Fordham University,DNE
Stevens Institute of Technology,DNE
University of California--Santa Cruz,https://www.quora.com/topic/University-of-California-Santa-Cruz
University of Massachusetts--Amherst,DNE
University of Pittsburgh,DNE
University of Minnesota--Twin Cities,DNE
Virginia Tech,DNE
American University,https://www.quora.com/topic/American-University-2
Baylor University,DNE
Binghamton University--SUNY,DNE
Colorado School of Mines,https://www.quora.com/topic/Colorado-School-of-Mines
North Carolina State University--Raleigh,DNE
Stony Brook University--SUNY,DNE
Texas Christian University,DNE
Yeshiva University,DNE
Michigan State University,DNE
University of California--Riverside,DNE
University of San Diego,DNE
Howard University,https://www.quora.com/topic/Howard-University
Indiana University--Bloomington,DNE
Loyola University Chicago,DNE
Marquette University,DNE
University at Buffalo--SUNY,DNE
University of Delaware,DNE
University of Iowa,DNE
Illinois Institute of Technology,DNE
Miami University--Oxford,DNE
University of Colorado--Boulder,https://www.quora.com/topic/University-of-Colorado-Boulder
University of Denver,DNE
University of San Francisco,DNE
University of Vermont,https://www.quora.com/topic/University-of-Vermont
Clarkson University,DNE
Drexel University,DNE
Rochester Institute of Technology,DNE
University of Oregon,DNE
New Jersey Institute of Technology,DNE
Saint Louis University,DNE
SUNY College of Environmental Science and Forestry,DNE
Temple University,DNE
University of Arizona,DNE
University of New Hampshire,https://www.quora.com/topic/University-of-New-Hampshire
University of South Carolina,DNE
University of the Pacific,DNE
University of Tulsa,DNE
Arizona State University--Tempe,DNE
Auburn University,DNE
Rutgers University--Newark,https://www.quora.com/topic/Rutgers-University-Newark
University of Tennessee,DNE
DePaul University,DNE
Duquesne University,DNE
Iowa State University,DNE
Seton Hall University,DNE
University of Utah,https://www.quora.com/topic/The-University-of-Utah-1
University of Oklahoma,DNE
University of South Florida,DNE
University of St. Thomas,DNE
San Diego State University,https://www.quora.com/topic/San-Diego-State-University
University of Dayton,DNE
The Catholic University of America,DNE
University of Alabama,DNE
University of Illinois--Chicago,https://www.quora.com/topic/University-of-Illinois-at-Chicago
University of Kansas,DNE
University of Missouri,DNE
University of Nebraska--Lincoln,https://www.quora.com/topic/University-of-Nebraska-Lincoln-1
University of Texas--Dallas,DNE
George Mason University,https://www.quora.com/topic/George-Mason-University
Michigan Technological University,DNE
University of California--Merced,DNE
University of La Verne,DNE
Colorado State University,DNE
Hofstra University,DNE
Louisiana State University--Baton Rouge,DNE
Mercer University,DNE
Oregon State University,DNE
University at Albany--SUNY,DNE
Washington State University,DNE
Adelphi University,DNE
Kansas State University,DNE
The New School,DNE
University of Cincinnati,DNE
University of Kentucky,DNE
St. John Fisher College,DNE
St. John's University,DNE
Union University,DNE
University of Arkansas,https://www.quora.com/topic/University-of-Arkansas
University of Mississippi,DNE
Biola University,DNE
Missouri University of Science & Technology,DNE
Oklahoma State University,DNE
University of Alabama--Birmingham,https://www.quora.com/topic/The-University-of-Alabama-at-Birmingham
University of Hawaii--Manoa,DNE
University of Massachusetts--Lowell,https://www.quora.com/topic/University-of-Massachusetts-Lowell
University of Rhode Island,https://www.quora.com/topic/University-of-Rhode-Island
Virginia Commonwealth University,DNE
Edgewood College,DNE
University of Central Florida,https://www.quora.com/topic/University-of-Central-Florida
University of Idaho,DNE
University of Maryland--Baltimore County,https://www.quora.com/topic/University-of-Maryland-Baltimore-County
Montclair State University,DNE
Seattle Pacific University,DNE
Ball State University,DNE
Illinois State University,https://www.quora.com/topic/Illinois-State-University
Ohio University,DNE
Rowan University,https://www.quora.com/topic/Rowan-University
University of Houston,DNE
University of Louisville,https://www.quora.com/topic/University-of-Louisville
Florida Institute of Technology,DNE
Maryville University of St. Louis,DNE
Mississippi State University,DNE
Pace University,DNE
Suffolk University,DNE
University of Maine,https://www.quora.com/topic/University-of-Maine
Immaculata University,DNE
Lesley University,DNE
Robert Morris University,DNE
University of Wyoming,DNE
Florida International University,DNE
Georgia State University,DNE
Texas Tech University,DNE
University of New Mexico,DNE
Kent State University,DNE
Nova Southeastern University,DNE
University of Massachusetts--Boston,DNE
Andrews University,https://www.quora.com/topic/University-of-St-Andrews
East Carolina University,DNE
Indiana University-Purdue University--Indianapolis,DNE
Lipscomb University,DNE
University of Hartford,DNE
University of North Carolina--Charlotte,DNE
Widener University,https://www.quora.com/topic/Widener-University
Regent University,DNE
University of Montana,DNE
University of Nevada--Reno,https://www.quora.com/topic/University-of-Nevada-Reno
University of North Carolina--Greensboro,https://www.quora.com/topic/University-of-North-Carolina-at-Greensboro
Azusa Pacific University,DNE
California State University--Fresno,DNE
Central Michigan University,DNE
Montana State University,https://www.quora.com/topic/Montana-State-University-%E2%80%93-Bozeman
University of Colorado--Denver,https://www.quora.com/topic/University-of-Colorado-Denver
University of North Dakota,DNE
Utah State University,DNE
Wayne State University,DNE
Western Michigan University,DNE
West Virginia University,DNE
Bowling Green State University,DNE
North Dakota State University,DNE
Old Dominion University,DNE
Shenandoah University,DNE
University of Alaska--Fairbanks,DNE
University of Massachusetts--Dartmouth,DNE
Benedictine University,DNE
California State University--Fullerton,DNE
Dallas Baptist University,DNE
New Mexico State University,DNE
University of Texas--Arlington,DNE
South Dakota State University,DNE
Southern Illinois University--Carbondale,DNE
University of Missouri--St. Louis,DNE
University of South Dakota,DNE
American International College,DNE
Ashland University,DNE
Augusta University,DNE
Barry University,DNE
Boise State University,DNE
Cardinal Stritch University,DNE
Clark Atlanta University,DNE
Cleveland State University,DNE
Eastern Michigan University,DNE
East Tennessee State University,DNE
Florida A&M University,DNE
Florida Atlantic University,DNE
Gardner-Webb University,DNE
Georgia Southern University,DNE
Grand Canyon University,DNE
Indiana State University,DNE
Indiana University of Pennsylvania,DNE
Jackson State University,DNE
Kennesaw State University,DNE
Lamar University,DNE
Liberty University,DNE
Lindenwood University,DNE
Louisiana Tech University,DNE
Middle Tennessee State University,DNE
Morgan State University,DNE
National Louis University,DNE
North Carolina A&T State University,DNE
Northern Arizona University,DNE
Northern Illinois University,DNE
Oakland University,DNE
Portland State University,DNE
Prairie View A&M University,DNE
Sam Houston State University,DNE
San Francisco State University,DNE
Spalding University,DNE
Tennessee State University,DNE
Tennessee Technological University,DNE
Texas A&M University--Commerce,DNE
Texas A&M University--Corpus Christi,DNE
Texas A&M University--Kingsville,DNE
Texas Southern University,DNE
Texas State University,DNE
Texas Woman's University,DNE
Trevecca Nazarene University,DNE
Trinity International University,DNE
University of Akron,DNE
University of Alabama--Huntsville,DNE
University of Arkansas--Little Rock,DNE
University of Louisiana--Lafayette,DNE
University of Louisiana--Monroe,DNE
University of Maryland--Eastern Shore,DNE
University of Memphis,DNE
University of Missouri--Kansas City,DNE
University of Nebraska--Omaha,DNE
University of Nevada--Las Vegas,DNE
University of New Orleans,DNE
University of Northern Colorado,DNE
University of North Texas,DNE
University of South Alabama,DNE
University of Southern Mississippi,DNE
University of Texas--El Paso,DNE
University of Texas--Rio Grande Valley,DNE
University of Texas--San Antonio,DNE
University of the Cumberlands,DNE
University of Toledo,DNE
University of West Florida,DNE
University of West Georgia,DNE
University of Wisconsin--Milwaukee,DNE
Valdosta State University,DNE
Wichita State University,DNE
Wilmington University,DNE
